真实值,预测值,残差
-1.5297514914517187,-0.712325096499889,-0.8174263949518298
-1.2625802540254112,-0.6404072133093573,-0.6221730407160538
-0.3288064493739046,-0.5642883465526609,0.23548189717875634
-0.4774317133903927,-0.5339545674240573,0.05652285403366464
-0.6708230186801074,-0.6577100163014956,-0.013113002378611793
-0.6111554991739715,-0.6577100163014956,0.04655451712752412
-0.3582416766741078,-0.6577100163014956,0.29946833962738784
-0.4160107645146066,-0.605162051365686,0.1891512868510794
-0.7442337889400499,-0.5398507645307044,-0.20438302440934553
-0.3190195107502949,-0.49769293511285795,0.17867342436256306
-0.8264725664190782,-0.7084934574145739,-0.11797910900450426
-0.3100338456210805,-0.6394770775661283,0.32944323194504777
-0.7610287440462674,-0.5791959125753223,-0.1818328314709451
0.1540165127167369,-0.5189671614776691,0.672983674194406
-0.7646151779442958,-0.6808921396149092,-0.08372303832938655
0.1297190468838569,-0.6233960765672726,0.7531151234511295
0.7336011067802063,-0.5440865658002131,1.2776876725804194
2.607848132578546,-0.4968940517722759,3.104742184350822
-0.2303726645345091,-0.6393302614263033,0.40895759689179423
0.5728408399946961,-0.5704382455569693,1.1432790855516655
-0.0243515040539585,-0.5098514131664867,0.48549990911252827
-1.6501655708102712,-0.653062571131519,-0.9971029996787522
-1.1685097906427002,-0.5858957319035089,-0.5826140587391914
-1.4984737977606783,-0.52328281543421,-0.9751909823264684
-0.4983880672418183,-0.6694025657924665,0.1710144985506482
-1.4741532294623612,-0.616666402845856,-0.8574868266165051
-1.4948728278152752,-0.5490892912570219,-0.9457835365582533
-0.4863904853395568,-0.5040475537853747,0.01765706844581788
-1.0643551010966446,-0.6393363577899721,-0.42501874330667244
-0.5672556809620539,-0.5739946172007161,0.006738936238662174
-0.5916596151337123,-0.5095459683570883,-0.08211364677662403
2.4499491688185424,-0.4798722775878802,2.9298214464064225
-2.0052907595781275,-0.5896532784777728,-1.4156374811003547
-1.3146429135103317,-0.5143672397416417,-0.80027567376869
-1.3503583699355768,-0.5143672397416417,-0.8359911301939351
-1.500907346997838,-0.5143672397416417,-0.9865401072561963
-1.14237699212601,-0.6548183200615617,-0.48755867206444836
-1.277695116658076,-0.5651285070528054,-0.7125666096052705
-0.2448876092694701,-0.5051154104897236,0.2602278012202536
-0.7246136470656628,-0.44733971977673886,-0.2772739272889239
-1.3214704979469858,-0.695729490092808,-0.6257410078541777
-0.9023870887568888,-0.6136290207026828,-0.288758068054206
-0.2035687005942774,-0.5475882643269687,0.3440195637326913
-0.6551449812181542,-0.5070378314548338,-0.1481071497633204
0.0509364161431242,-0.6568777497860554,0.7078141659291796
1.3585782547131908,-0.5130119214869548,1.8715901762001457
2.3561424138106863,-0.4597614958819003,2.8159039096925866
-1.337059737172924,-0.627460287240035,-0.709599449932889
-1.3322226957821903,-0.5751860762264032,-0.7570366195557872
-0.5631972284743302,-0.5125950065676037,-0.050602221906726474
0.2711538028496711,-0.4694797590701536,0.7406335619198248
-0.936153908933983,-0.6230762065381894,-0.3130777023957936
0.1456801641677824,-0.5450418792526338,0.6907220434204162
-0.123434336840295,-0.5000471014154226,0.3766127645751276
0.2191842397338703,-0.6802540140067318,0.899438253740602
-0.0513125886376803,-0.5945229105595993,0.543210321921919
0.0533489522851056,-0.5610549453263127,0.6144038976114183
0.9339727891688148,-0.5044246042574633,1.438397393426278
-1.0691015235144232,-0.6768215766915207,-0.39227994682290257
-1.1454945116415856,-0.6303692705809552,-0.5151252410606304
-0.5309758557816578,-0.5814793983161441,0.0505035425344863
0.117584223203714,-0.5233611730833184,0.6409453962870324
0.1920247843681127,-0.6929173054017854,0.8849420897698981
-0.3070033633008731,-0.6185399231438162,0.31153655984294315
-0.6776728399859486,-0.5728808240806391,-0.10479201590530951
-0.5226642513462013,-0.5094378305313244,-0.013226420814876905
-0.1921902886442506,-0.683370628032256,0.4911803393880054
-0.6117216588179161,-0.6132454313908944,0.0015237725729783103
0.295049333540978,-0.6282947263084178,0.9233440598493958
0.0060816363301752,-0.5896532784777728,0.595734914807948
0.6930847550697112,-0.49956381035788416,1.1926485654275953
0.772805572753109,-0.41916863004029364,1.1919742027934026
-0.1469295143417965,-0.6365205758418506,0.48959106150005416
0.1589839308116435,-0.5558198620272452,0.7148037928388887
0.1573253290036138,-0.5123866650147035,0.6697119940183174
-0.8328462202428524,-0.6627702540909209,-0.17007596615193143
-0.6936004676494343,-0.6130871747787217,-0.08051329287071263
-1.0352133407734168,-0.5674280757155444,-0.4677852650578723
-1.1348698549366312,-0.5674280757155444,-0.5674417792210867
-1.0037733328613845,-0.5674280757155444,-0.43634525714584005
-0.8696874293637434,-0.5009884886301518,-0.36869894073359166
-0.9149753356314202,-0.5899972507036954,-0.32497808492772484
-0.2542905216394425,-0.5214509555083503,0.2671604338689078
0.7653546993199949,-0.4611947374283335,1.2265494367483285
-0.8403447611660224,-0.7030174294623964,-0.137327331703626
-0.0275463601172699,-0.6152085082523371,0.5876621481350672
-0.2975025788583315,-0.5551954116892553,0.25769283283092387
-0.126009217051415,-0.4913201748651949,0.3653109578137799
-1.7676149830117802,-0.6950001664288653,-1.0726148165829148
-1.3732646733536018,-0.6950001664288653,-0.6782645069247365
-1.4705900771186493,-0.6950001664288653,-0.775589910689784
-1.5041048595461934,-0.6248550116384995,-0.8792498479076939
-0.1366040853061031,-0.5538889000727455,0.41728481476664236
0.5053232280952096,-0.5052608952503325,1.010584123345542
0.0182213849545008,-0.6010077415687993,0.6192291265233001
1.155843822891063,-0.5664571186634312,1.722300941554494
2.580647456922389,-0.5040475537853747,3.084695010707764
2.566561071875733,-0.5040475537853747,3.070608625661108
2.628458904589104,-0.5040475537853747,3.1325064583744786
-0.1273495182245322,-0.6483876644721083,0.521038146247576
-0.2762473853635499,-0.5802130334865444,0.3039656481229945
1.4979426536891842,-0.5246724617068035,2.022615115395988
0.5371751702779123,-0.4805366334113766,1.017711803689289
-1.409811400660535,-0.6583717581688239,-0.751439642491711
-1.0745596152906247,-0.5683302735070924,-0.5062293417835323
-1.1588225448285998,-0.5683302735070924,-0.5904922713215074
-0.8254544461399266,-0.5380312919891493,-0.28742315415077724
0.555525213819891,-0.4644916488141622,1.0200168626340531
0.2592048734263021,-0.4644916488141622,0.7236965222404643
0.2472342742485304,-0.660290419362947,0.9075246936114774
1.0625743942175745,-0.5315620907582691,1.5941364849758437
-0.7026244577988312,-0.4883729848742338,-0.2142514729245974
-1.1270502673490648,-0.6770639931211674,-0.4499862742278974
-0.5192652936567145,-0.5901198759025336,0.07085458224581909
-1.2980246594317475,-0.5318341100514806,-0.7661905493802669
-0.5398047882932873,-0.5060363625359076,-0.033768425757379705
-1.089079007399423,-0.6622267978783715,-0.4268522095210515
-1.2414841511517931,-0.5950599586503613,-0.6464241925014318
-1.0244851109999,-0.5494008595871841,-0.47508425141271593
0.1876130492177082,-0.4932647661519111,0.6808778153696193
0.2377920817176849,-0.4932647661519111,0.731056847869596
-1.0511897104602344,-0.6151397320980406,-0.4360499783621937
-1.451186125369794,-0.5510513615794561,-0.9001347637903379
-0.5679121610974881,-0.4875230101802974,-0.08038915091719068
1.255189379063418,-0.4489493895423027,1.7041387686057208
-0.6037038795371933,-0.6770623931529188,0.07335851361572554
-0.5107394690733988,-0.6233828863330435,0.11264341725964466
0.3452948975596365,-0.5472640195763471,0.8925589171359836
0.2275122606499348,-0.49140709146902933,0.7189193521189641
-1.3937490981597718,-0.6297383215579432,-0.7640107766018286
-1.4595910052632497,-0.5800552422457439,-0.8795357630175058
-1.3151826276964242,-0.5200421456826622,-0.7951404820137621
0.6132500667071885,-0.46679172007760744,1.080041786784796
-0.2746370480085071,-0.6846106035177886,0.4099735555092815
0.2110721701581654,-0.6197295484581994,0.8308017186163648
-0.0426766542417059,-0.5599709704993175,0.5172943162576117
0.554602965787489,-0.5148558053822114,1.0694587711697006
-1.1492674069111728,-0.6251003954799654,-0.5241670114312074
-0.3846656737086343,-0.560351379372004,0.17568570566336966
0.3036451818761227,-0.506786548914757,0.8104317307908797
-0.5193887157427387,-0.6622779627862818,0.1428892470435431
-0.6440135328327624,-0.6283192249638202,-0.015694307868942214
-0.4844101802079063,-0.5818771317715905,0.09746695156368418
2.2726796235375373,-0.5070129816935977,2.779692605231135
0.7660061351186606,-0.6648915875645364,1.430897722683197
-0.2838218599715679,-0.6022366181432793,0.31841475817171144
0.4641808712069178,-0.5385895373670107,1.0027704085739284
0.0405072349499888,-0.4974055369265183,0.5379127718765071
1.2465590561189968,-0.5913113136484569,1.8378703697674537
-0.161478993382327,-0.5564627970865743,0.39498380370424735
0.8497437671253313,-0.4869095108835032,1.3366532780088345
-0.7172232459774786,-0.6231332112916991,-0.09409003468577948
-1.339032550419788,-0.5493187993599755,-0.7897137510598125
-1.1935649218278517,-0.5059536319629208,-0.6876112898649309
-1.369502612961216,-0.5059536319629208,-0.8635489809982952
-1.2946936958201236,-0.5059536319629208,-0.7887400638572029
-1.5251993804680442,-0.45270320635786615,-1.072496174110178
-1.4276797846614793,-0.45270320635786615,-0.9749765783036131
-1.2115781588840504,-0.6136225003378626,-0.5979556585461878
-1.304694765047153,-0.5159642056481399,-0.788730559399013
-1.390254417464268,-0.45417808744581906,-0.9360763300184489
-0.5806309936132186,-0.4229944695998164,-0.15763652401340217
-0.5052541856356813,-0.6045836970333314,0.09932951139765012
-0.5682621306159008,-0.6098716480030566,0.04160951738715579
-1.3907171234322366,-0.687655497917243,-0.7030616255149936
-0.4125167703264735,-0.6178224794839158,0.20530570915744228
-1.005847271628793,-0.5525128305021838,-0.45333444112660914
-0.2879752892616443,-0.5067135867042122,0.2187382974425679
-1.1429393909034884,-0.6851527361352493,-0.4577866547682391
-1.0500192750891884,-0.6313716897774381,-0.4186475853117503
-0.6097375331235058,-0.5615220583784195,-0.04821547474508625
0.336570284320233,-0.49601334148608894,0.832583625806322
1.4771301082078827,-0.6927363995543915,2.1698665077622743
1.9644274567085585,-0.6255695603263813,2.58999701703494
-0.3992612979837459,-0.6710968479899377,0.27183555000619186
0.5615334069371879,-0.6185399231438162,1.180073330081004
0.3845340769269881,-0.5714490871527087,0.9559831640796967
1.097578897639914,-0.512270189353001,1.6098490869929147
-0.5652337675140993,-0.6355788112157081,0.07034504370160888
-0.7026930189914791,-0.5845942171268973,-0.11809880186458177
-0.6126202969663891,-0.47603293524822143,-0.13658736171816765
-0.1587440972575006,-0.6438376025340062,0.48509350527650563
-0.0264256816065391,-0.6438376025340062,0.6174119209274671
0.0075219287942674,-0.6438376025340062,0.6513595313282736
0.3490334674606796,-0.5915777980963486,0.9406112655570282
0.5103754149263459,-0.5382618877545867,1.0486373026809326
-1.1308039404122674,-0.6637724080794931,-0.4670315323327743
-0.7841604606671112,-0.5658053907943753,-0.2183550698727359
-0.1215593061215605,-0.5019073396187381,0.3803480334971776
2.121235799041417,-0.45428458710064196,2.575520386142059
-1.0667378189402132,-0.5543942019855324,-0.5123436169546809
-0.5134116840904499,-0.48259794028555586,-0.030813743804894045
0.9023319330785822,-0.4293475146805013,1.3316794477590834
-1.6662349473217686,-0.613033802911938,-1.0532011444098306
-1.3547344067026958,-0.503337627036657,-0.8513967796660389
-0.4348366472090399,-0.45008720143160236,0.01525055422256244
-0.1391033303138404,-0.6710968479899377,0.5319935176760974
-0.169858144173448,-0.5528206222251358,0.3829624780516878
-0.3031884418409303,-0.4911146068672976,0.18792616502636728
-0.9038093827886052,-0.6453016270404935,-0.2585077557481117
-0.7066641954986621,-0.5942405580060981,-0.11242363749256401
-0.6206202569036157,-0.4965449638896509,-0.12407529301396475
-0.8015321715093021,-0.5104762944546789,-0.2910558770546232
0.0647749421807488,-0.4648931233506247,0.5296680655313735
0.1676271481553784,-0.4648931233506247,0.6325202715060031
0.2047786884560506,-0.4648931233506247,0.6696718118066753
-1.1649386389957102,-0.6658350132569323,-0.49910362573877787
-0.154373313764176,-0.5986681740289221,0.4442948602647461
0.0886294018223896,-0.5443381516405181,0.6329675534629078
1.364432491090533,-0.48090052263621536,1.8453330137267483
0.8298246960631487,-0.671692142477635,1.5015168385407835
0.9859650965722936,-0.5986681740289221,1.5846332706012158
1.5108990177552362,-0.547213156648547,2.0581121744037834
-0.0774346418216087,-0.650612790466448,0.5731781486448393
0.3214068587531159,-0.6009297111542488,0.9223365699073647
-0.2811750158790922,-0.5565483002442058,0.27537328436511355
0.6697838293060205,-0.49276122577465303,1.1625450550806735
-1.2783972047614534,-0.6191023005122933,-0.65929490424916
-0.9117450498181424,-0.568041231477898,-0.34370381834024444
-0.8123634669328895,-0.5036610860071362,-0.3087023809257533
-0.4196669535311452,-0.45137193184906665,0.03170497831792146
0.3364628011444718,-0.6237634856041818,0.9602262867486536
0.999297935310904,-0.5901861764855972,1.5894841117965013
0.1223504946389545,-0.5230953618801463,0.6454458565191008
-0.0691021436835604,-0.46554922901256307,0.3964470853290027
1.354316775132568,-0.5749033962520428,1.9292201713846109
1.8084562951904064,-0.5166176304009898,2.325073925591396
2.2147411773134587,-0.47729853536096317,2.692039712674422
-1.2635766448538674,-0.6191158709864599,-0.6444607738674075
-0.8654006087066914,-0.5694327916742606,-0.2959678170324308
-0.2743640270119254,-0.5237736926110834,0.249409665599158
0.7498610637074878,-0.4616226519192148,1.2114837156267027
1.4814464486818828,-0.6867094069680636,2.1681558556499465
0.92076492461985,-0.6015872569260032,1.5223521815458532
1.12106449388637,-0.5415741603629215,1.6626386542492915
1.4684870102567342,-0.4883237347578669,1.956810745014601
-0.1178246761758632,-0.6658714243879191,0.5480467482120559
-1.2258495427430842,-0.598704585159909,-0.6271449575831752
1.03533500551533,-0.5386914885968273,1.5740264941121573
1.081609333330512,-0.4826081725954648,1.5642175059259766
-1.1952496407641215,-0.6542941625327906,-0.5409554782313309
0.1437516455704129,-0.6046110832205913,0.7483627287910042
0.696716468606071,-0.5559774079791929,1.2526938765852638
1.0094753473878082,-0.5025583029741272,1.5120336503619354
-1.330175739739272,-0.6658714243879191,-0.6643043153513528
-0.8846975846982766,-0.6148103553535237,-0.26988722934475295
-0.9052720016663242,-0.5473942478132676,-0.35787775385305653
0.3282361743822706,-0.48412202883466865,0.8123582032169392
2.838066081093631,-0.5794256664184053,3.4174917475120363
0.1401214244413816,-0.6536514912126087,0.7937729156539903
0.2613420305681236,-0.6536514912126087,0.9149935217807323
0.0425109708766887,-0.6536514912126087,0.6961624620892974
0.2425856343588811,-0.6025904221782132,0.8451760565370944
0.4221329215520045,-0.538124568688523,0.9602574902405274
-0.0947321501714521,-0.47652817918959633,0.38179602901814425
-0.6635612034073025,-0.6771681991945513,0.013606995787248777
-0.2092028665870351,-0.6261071301601558,0.4169042635731207
0.1735792864534362,-0.5499882634034594,0.7235675498568956
-0.8037597983833463,-0.6297474943392667,-0.17401230404407964
-0.9177097243377554,-0.5644057537500107,-0.35330397058774476
-0.373096024683599,-0.5061199878989577,0.13302396321535875
1.10748039345002,-0.45934458096254915,1.566824974412569
-0.7091382188225567,-0.6570565455979053,-0.052081673224651404
0.7559608309384301,-0.6015611674758703,1.3575219984143003
0.7987124208003421,-0.5617143672225288,1.3604267880228709
0.9425535343418,-0.5097384611161644,1.4522919954579643
-0.3926917806222468,-0.6366822278320339,0.24399044720978708
-0.3271060303125448,-0.5713404872427779,0.24423445693023305
-0.0672351421162507,-0.5269860519567529,0.45975090984050215
-0.4553982891703598,-0.48069058611426985,0.025292296943910053
-0.3574124354663858,-0.48069058611426985,0.12327815064788405
-0.328318879899852,-0.48069058611426985,0.15237170621441787
-0.6450110280426413,-0.6442585478528231,-0.0007524801898182165
0.9464434641940476,-0.5614330473477562,1.5078765115418038
2.498220337638569,-0.5144260289931197,3.0126463666316887
-1.3222082247373557,-0.6342679278631828,-0.6879402968741729
-1.469964847992663,-0.5786742661165867,-0.8912905818760763
-1.4100545138142635,-0.5992639071235787,-0.8107906066906848
-1.0490851176463092,-0.5534126711659637,-0.4956724464803455
-0.1076544873504264,-0.4942132998789756,0.3865588125285492
-1.124157981947429,-0.6428463316358637,-0.4813116503115653
-0.2110852101016763,-0.5706756939323927,0.3595904838307164
-0.2990179095628746,-0.49530816532838456,0.19629025576550996
0.6487118437348225,-0.43846168600018226,1.0871735297350047
-0.6295098110009079,-0.6259623738214103,-0.00354743717949757
1.6832524837534175,-0.7045988872258208,2.3878513709792384
0.3831379597198043,-0.6314468683860308,1.0145848281058352
0.3692815247942438,-0.5631250613227299,0.9324065861169737
-1.6841886970218738,-0.6020760465617689,-1.0821126504601049
-1.4143873603133106,-0.5369096219125251,-0.8774777384007855
-0.1743041151479566,-0.6635902368484495,0.4892861217004929
-0.2832339708769278,-0.5990874104677962,0.3158534395908684
-0.0900357532473075,-0.5214169601016548,0.43138120685434733
-0.087290559511918,-0.48050870112270083,0.39321814161078283
-0.2944922141889051,-0.6595802332053565,0.36508801901645144
0.135469978825956,-0.6016895271760077,0.7371595060019637
-1.0537606507160082,-0.5416764306129259,-0.5120842201030823
-1.1408590049364231,-0.487709790541551,-0.6531492143948721
-0.1358591054161192,-0.6313716897774381,0.49551258436131884
0.361101699925848,-0.5372650170418465,0.8983667169676945
0.1842682659142272,-0.5093000204157856,0.6935682863300128
0.503429900462634,-0.6595549272666015,1.1629848277292356
-1.419218073896974,-0.6153410981924161,-0.8038769757045579
-0.2512470553754818,-0.6804599449863056,0.42921288961082377
1.2436879629014184,-0.598106030837729,1.8417939937391474
1.2638533408690118,-0.4860000470411368,1.7498533879101485
0.5078660513969243,-0.6937325077289385,1.2015985591258627
0.3983431129958119,-0.6937325077289385,1.0920756207247504
1.6386093272995772,-0.5981809829822884,2.2367903102818656
1.805939618865078,-0.5372746775290843,2.3432142963941622
1.1622671440307124,-0.4979555824890576,1.66022272651977
-0.8100577871555917,-0.6770623931529188,-0.1329953940026729
-1.329797175696455,-0.6098955539249087,-0.7199016217715464
-0.9904424342523008,-0.535951126796799,-0.4544913074555018
-0.0153892995679398,-0.5067135867042122,0.4913242871362724
-0.4019523471812764,-0.6823753474803472,0.2804230002990708
-1.0485511641525025,-0.5398532621507554,-0.5086979020017471
0.5902501296534056,-0.49878112598092555,1.0890312556343311
0.9934591304253332,-0.6823753474803472,1.6758344779056804
-0.0305097139558647,-0.6340010496139508,0.6034913356580861
0.1753358797266216,-0.5695494091891599,0.7448852889157814
1.208384201961671,-0.49660812583492026,1.7049923277965913
-0.9654298068278502,-0.6178334033743692,-0.347596403453481
-1.4153889447192685,-0.4858261467658704,-0.929562797953398
-0.4108488857448632,-0.4404997474297862,0.02965086168492298
-1.083681955082936,-0.6341100412359832,-0.4495719138469527
-0.4180873000707654,-0.5688595389214658,0.1507722388507004
-0.1968814621427471,-0.5030006400703898,0.3061191779276427
-1.29639241353713,-0.6126265061831113,-0.6837659073540188
-0.975641395032565,-0.5223222410434963,-0.45331915398906864
-0.6481064002334695,-0.46464052476199136,-0.1834658754714782
-0.9053369213850916,-0.6627702540909209,-0.24256666729417065
-1.10983406535045,-0.5347897967145316,-0.5750442686359183
-0.7279534457286682,-0.5018455542982115,-0.22610789143045662
-1.2917458928658867,-0.5877030799492962,-0.7040428129165905
-0.6871037499173943,-0.7002664634952763,0.013162713577882013
-1.3381460007706714,-0.6161671962206631,-0.7219788045500083
-0.8272860776535632,-0.48849541290675186,-0.33879066474681135
-0.0605455755092883,-0.6176496819532468,0.5571041064439585
-1.183159171429766,-0.5670866598122707,-0.6160725116174953
-1.3939129644843846,-0.5051932673529695,-0.8887196971314151
-0.8441771437917027,-0.44770757420095453,-0.3964695695907482
-0.6474603967974777,-0.5604752689073795,-0.08698512789009816
0.1382810474208029,-0.49065346758327727,0.6289345150040802
0.4304664643751822,-0.44768295504032113,0.8781494194155033
0.1562247979918105,-0.6622400186127324,0.818464816604543
0.1429416265690756,-0.6235373005990812,0.7664789271681568
-0.6896455583821262,-0.5348040103929004,-0.15484154798922578
0.0942024388109925,-0.48155358478784577,0.5757560235988383
-1.105000158015105,-0.6880285420118977,-0.4169716160032073
-0.6731165801099022,-0.6287058239365135,-0.04441075617338863
-0.373695226225785,-0.5593343315990278,0.1856391053732428
-0.1260519297491419,-0.49215181897069654,0.3660998892215547
-0.6561874277367523,-0.6388075265771899,-0.01737990115956245
-0.3420459828063694,-0.610904015912773,0.2688580331064036
-0.2621154221970964,-0.5380540269440042,0.2759386047469078
0.700930489633664,-0.4955943881934349,1.196524877827099
-1.0836280194821026,-0.6662542496958064,-0.41737376978629626
-1.2308647775687795,-0.5807647363433827,-0.6501000412253969
-0.3481731804840002,-0.5251429833396866,0.17696980285568636
-1.2392479280115396,-0.6648273926924424,-0.5744205353190972
-1.4430234333375238,-0.6177048535336788,-0.825318579803845
-1.3128433090579537,-0.5720457544705015,-0.7407975545874521
-0.2600750327464214,-0.4725816203997584,0.21250658765333696
0.0948589487945736,-0.4725816203997584,0.567440569194332
-0.5823740955241591,-0.620330380695211,0.03795628517105187
-0.1007073312386543,-0.5694776102953047,0.4687702790566505
0.2159658334829232,-0.509425016880978,0.7253908503639012
-1.0061781980297004,-0.6431364956568778,-0.36304170237282263
-0.8433902571039493,-0.6431364956568778,-0.20025376144707152
-0.7618315099479908,-0.572195067869067,-0.18963644207892372
0.2562847695520723,-0.46913080650857897,0.7254155760606513
-1.3764057132086662,-0.6824393875407185,-0.6939663256679477
-1.5290900266758092,-0.5641836345173856,-0.9649063921584236
-1.8947972489953329,-0.516205544601046,-1.378591704394287
-1.5082920470900294,-0.4744481213271284,-1.033843925762901
-0.7468389351717813,-0.6125337730676433,-0.134305162104138
-1.1349106275048315,-0.5668746740044661,-0.5680359535003654
-1.056786775206818,-0.5668746740044661,-0.48991210120235196
-1.3145134024024092,-0.5668746740044661,-0.7476387283979431
-0.7481535967870038,-0.5173123134580803,-0.2308412833289235
0.0047659598779697,-0.6518523974978954,0.656618357375865
-0.9877289989448508,-0.5819253804193352,-0.4058036185255156
-0.5519211956670029,-0.5110169974782971,-0.04090419818870583
0.3061892886481393,-0.473516876856766,0.7797061655049053
0.5960081057580925,-0.6733243423113795,1.269332448069472
-0.8524877333901764,-0.6743233199099649,-0.1781644134802115
-0.7651183281508529,-0.5990874104677962,-0.16603091768305667
0.0873206202920395,-0.5417511654113866,0.629071785703426
1.3687355491393136,-0.4938929585138185,1.8626285076531321
-0.6217150869194259,-0.6384382824883397,0.016723195568913773
-1.1820439252817092,-0.5887552031761404,-0.5932887221055688
-0.7397991901093807,-0.5148107760480307,-0.22498841406134995
-0.5307107743920609,-0.6586242544230724,0.12791348003101144
-0.7460192155228119,-0.6598646511488553,-0.08615456437395663
-0.8709625421847744,-0.6072905114037419,-0.2636720307810325
-1.0959872713762282,-0.5501684752735743,-0.5458187961026539
-0.6946861641323971,-0.5836390177427069,-0.11104714638969027
0.4953641850585364,-0.48882180278994775,0.9841859878484842
1.744548547983998,-0.43720093997019677,2.1817494879541948
-1.2178486575133145,-0.6954241405934414,-0.5224245169198731
-1.1027805602924854,-0.7056829547595579,-0.3970976055329275
-0.8757280674163511,-0.6385161155315477,-0.23721195188480337
-0.368251342167346,-0.5755847194568448,0.20733337728949874
1.3443569858922313,-0.5136603265673343,1.8580173124595656
-1.2144632508823654,-0.6715449682634441,-0.5429182826189213
-1.104395673350978,-0.6015872569260032,-0.5028084164249749
-0.44304393237227,-0.5387971171575727,0.0957531847853027
-0.5633082635795322,-0.4841633557888744,-0.0791449077906578
-1.0772952277709686,-0.6197194864802672,-0.45757574129070144
-0.0110575574503154,-0.5597063899171855,0.54864883246687
1.2708485524967454,-0.49885269555847206,1.7697012480552174
-0.3708916196675783,-0.5755718884762098,0.2046802688086315
-0.7237337535532289,-0.515558791913128,-0.20817496164010085
-0.7628269157876104,-0.6715449682634441,-0.0912819475241663
-0.7267744737877063,-0.604378129035434,-0.12239634475227235
-0.5761611142733157,-0.5443650324723522,-0.031796081800963494
1.441682300112839,-0.4911146068672976,1.9327969069801365
-1.1466829155968603,-0.705360844219245,-0.44132207137761525
-0.9599178391471084,-0.6227909331115732,-0.3371269060355352
-0.1245753120906866,-0.5576842096624635,0.43310889757177684
0.893787781733279,-0.4993835614694513,1.3931713432027304
1.5991044098834046,-0.4993835614694513,2.098487971352856
-1.3620934970851388,-0.6622168524524906,-0.6998766446326482
-1.1571374378664248,-0.6047715147117614,-0.5523659231546634
-0.8409073688805264,-0.535990274500106,-0.3049170943804205
-1.324251987028592,-0.6771681991945513,-0.6470837878340407
-0.7464753548985376,-0.6100013599665411,-0.1364739949319964
-0.8541469023129908,-0.5615237309857694,-0.2926231713272215
-0.7367119664625632,-0.5010237274907866,-0.2356882389717766
0.2439061760589762,-0.6261538441788541,0.8700600202378304
0.4001505973588818,-0.5661407476157724,0.9662913449746542
-0.9769249250309257,-0.6632138386473977,-0.31371108638352796
-0.6191236409869654,-0.5932976140222026,-0.02582602696476277
-0.8650342824039642,-0.5421812308769011,-0.3228530515270631
0.2719715525209675,-0.4832201383164837,0.7551916908374512
-0.7307291442698418,-0.6850621186483462,-0.045667025621495605
-0.1901713301628051,-0.5995498469752804,0.4093785168124753
-0.6972514630884713,-0.5970031058068893,-0.10024835728158199
-0.8109715583143706,-0.5344476064081187,-0.2765239519062519
-0.5926444845775966,-0.49108609690358485,-0.10155838767401171
-0.9538846631311404,-0.6658868681164452,-0.28799779501469525
-1.2705557086343122,-0.607373466285706,-0.6631822423486062
-1.0346232130677848,-0.5415480709127886,-0.49307514215499626
-0.9353013861719448,-0.5068099368504893,-0.42849144932145555
-0.9612982263810552,-0.6891152016593458,-0.2721830247217094
0.9320572246670522,-0.5046317572521998,1.4366889819192519
-0.7966933690779212,-0.6818394605419065,-0.11485390853601474
-0.6638821903754057,-0.6170879642580034,-0.04679422611740236
-1.3209204563021837,-0.570085785294147,-0.7508346710080367
-0.603793244887993,-0.5125043656243495,-0.09128887926364349
-0.1921770957634712,-0.6682230024560156,0.47604590669254443
-0.436774597820722,-0.6185399231438162,0.18176532532309425
-1.3102222537641055,-0.6168110931190517,-0.6934111606450538
-0.7639034488895795,-0.5496442538910415,-0.21425919499853796
0.2508522576374724,-0.5235178778525567,0.774370135490029
0.1222788292390646,-0.6895343942288046,0.8118132234678692
1.0596290089632092,-0.6071481198069942,1.6667771287702036
2.385859138981094,-0.5065845903717776,2.8924437293528715
1.0269537653539496,-0.549975449753113,1.5769292151070626
0.193358906974892,-0.5081450867553281,0.7015039937302201
0.5636558489427558,-0.6673803855377445,1.2310362344805004
-0.1560383030755699,-0.6126470836375877,0.4566087805620178
1.878420350726366,-0.48793276851932443,2.3663531192456904
-0.1830401303793457,-0.6800005580162277,0.49696042763688203
-1.3617238576381434,-0.6071828300489466,-0.7545410275891968
-0.4628420288964462,-0.5415741603629215,0.07873213146647529
0.0166137637807947,-0.5415741603629215,0.5581879241437162
1.2597205366482076,-0.49824668428543784,1.7579672209336454
-0.8797428520656579,-0.6892258900777388,-0.19051696198791912
-1.6649972640765238,-0.5830904137784665,-1.0819068502980573
-1.3138351928162793,-0.5575957643463759,-0.7562394284699033
-0.8617451957419635,-0.5575957643463759,-0.3041494313955876
0.0480607860072683,-0.4956669922626308,0.543727778269899
0.2123256430729405,-0.6927363995543915,0.9050620426273319
-0.9357035600986902,-0.6255695603263813,-0.3101339997723088
-0.8868544714649743,-0.5437834293619315,-0.34307104210304284
0.0925244655558453,-0.4967250241480583,0.5892494897039036
0.6822655481454805,-0.6868863257082773,1.3691518738537578
0.0805336591828531,-0.5445979866575096,0.6251316458403626
-0.6037807086664381,-0.48541411018725067,-0.1183665984791874
0.3690547982729759,-0.6828326077451073,1.0518874060180832
1.4720114794025043,-0.6396233911691896,2.111634870571694
2.603824930751909,-0.6859609447008089,3.2897858754527176
2.865706628885638,-0.4992904481892308,3.364997077074869
-0.2787345717200772,-0.6632960247285128,0.3845614530084356
-0.0172935516221562,-0.579614306720759,0.5623207550986028
0.3321030316172277,-0.5152919989704473,0.847395030587675
0.874733948743569,-0.471888900324996,1.346622849068565
-0.5613507325837067,-0.6486308912994422,0.08728015871573547
-1.0213577415959598,-0.5975698222650467,-0.4237879193309131
-0.8455713805656535,-0.5414784493759036,-0.3040929311897499
-0.9445928157145168,-0.48090052263621536,-0.46369229307830145
0.1286431405929656,-0.7011294702719991,0.8297726108649648
0.0610107028736642,-0.6130871747787217,0.6740978776523858
0.5409191128453367,-0.5674280757155444,1.108347188560881
1.3834346867866945,-0.5154437907947221,1.8988784775814165
-0.9772573139910145,-0.6771553855442048,-0.3001019284468096
-1.267544687305662,-0.6260943165098094,-0.6414503707958525
-0.9985840534930996,-0.6260943165098094,-0.37248973698329024
-0.9317429498353892,-0.6260943165098094,-0.3056486333255798
-0.7953907064176159,-0.5617724313422893,-0.23361827507532662
-0.6318023874418661,-0.5617724313422893,-0.07002995609957685
-0.9136976260216388,-0.5617724313422893,-0.3519251946793496
0.7655715162566048,-0.501788100369625,1.2673596166262298
-0.3908066015336823,-0.6510878260457741,0.2602812245120918
-0.6219513648475925,-0.6010413069477105,-0.020910057899881984
-0.8898095573669718,-0.641049926981558,-0.2487596303854137
-1.477769601051389,-0.5689375023172328,-0.9088320987341562
-1.4457247502974708,-0.5183817271026221,-0.9273430231948487
-0.9085658640317744,-0.45862952993168543,-0.449936334100089
-0.905218394395103,-0.636104341545243,-0.26911405284986
-0.729239274034314,-0.5850432725108475,-0.14419600152346645
-0.6151247057034817,-0.5232784032540556,-0.09184630244942604
0.572897163447254,-0.4814783010635517,1.0543754645108057
-0.3389464915713158,-0.6717505362613415,0.3328040446900257
0.6104864268172249,-0.6045836970333314,1.2150701238505563
1.7050737771958506,-0.5562989634924925,2.2613727406883433
2.6981117036527387,-0.49878112598092555,3.196892829633664
-1.9564415515518252,-0.6487149475856114,-1.3077266039662137
-1.1908860805222643,-0.5298299711634941,-0.6610561093587702
-1.4713592340073465,-0.5298299711634941,-0.9415292628438524
-1.5374936230989626,-0.6577288967571097,-0.879764726341853
-1.224961620079226,-0.5905620575290995,-0.6343995625501264
-1.07553302304623,-0.5421812308769011,-0.533351792169329
0.0124215319001904,-0.6780023854992019,0.6904239173993922
-0.9423445339230532,-0.6077736361381014,-0.33457089778495175
0.6501032150867034,-0.6772875571761663,1.3273907722628697
-0.1153984994309038,-0.627604477863967,0.5122059784330633
0.6564637058778446,-0.5805618995679939,1.2370256054458384
1.29627959123967,-0.5201548731001082,1.8164344643397783
-0.5423454028321565,-0.695795666553908,0.15345026372175152
-0.4639813624987768,-0.5943256252779437,0.13034426277916694
-0.2445472807023964,-0.5074951568450412,0.2629478761426448
0.1543207250264737,-0.46710006097052037,0.621420785996994
-0.1150924365360805,-0.6533115409480358,0.5382191044119553
0.142934283925022,-0.601389977272542,0.744324261197564
0.5851239194188014,-0.5819158673442704,1.1670397867630717
0.1430203958278466,-0.70259619964727,0.8456165954751167
0.3825626366948659,-0.6825120108652221,1.0650746475600879
0.5787044188419112,-0.6462724844086782,1.2249769032505893
0.9056690752565436,-0.6268286501731505,1.532497725429694
0.8926136451920597,-0.6621560234262571,1.5547696686183168
0.9986140247287814,-0.6101884910634666,1.6088025157922479
1.1466148953673865,-0.5771609444338518,1.7237758398012382
1.2999412424670291,-0.5315010358404239,1.831442278307453
1.1814009402050556,-0.6420557128779778,1.8234566530830334
1.399910356269163,-0.623179416163016,2.0230897724321792
1.582211642400911,-0.6050752158756526,2.1872868582765634
1.8341567731523256,-0.58684124608601,2.4209980192383354
0.3107684122044508,-0.6584408372219299,0.9692092494263806
0.3546674245164111,-0.6405840513336396,0.9952514758500507
0.5140006215667555,-0.6222139866008907,1.1362146081676463
0.9596360464919738,-0.5857866036391997,1.5454226501311734
0.3728920461465456,-0.7041167217494126,1.0770087678959581
0.5693101922825875,-0.6844107378919052,1.2537209301744927
0.98912520939301,-0.6632024840031098,1.6523276933961197
1.1288683813488456,-0.644949631096039,1.7738180124448846
-0.1739678757769616,-0.6507498986690786,0.476782022892117
-0.0811270067917776,-0.6329287916647669,0.5518017848729893
0.1073055662136795,-0.6147439882682478,0.7220495544819273
0.5029723582240203,-0.5952398348864489,1.0982121931104691
0.1902151807866374,-0.6999440599089338,0.8901592406955712
0.2503431974978965,-0.6639722955864311,0.9143154930843276
0.5122968595129808,-0.6446388908724693,1.15693575038545
0.7637221549439117,-0.6097607313076977,1.3734828862516095
-0.6351117111472342,-0.6847714897746006,0.04965977862736637
-0.5431165595466731,-0.6660227189202114,0.12290615937353822
-0.4296921102124477,-0.613984920915504,0.18429281070305636
0.1029727495627788,-0.5933152604659871,0.696288010028766
-0.1483188560197111,-0.6704891153092303,0.5221702592895192
0.1717357753774691,-0.6498500328338921,0.8215858082113612
0.3626986653112325,-0.6307715124454387,0.9934701777566712
0.6346382336948931,-0.5788258482405952,1.2134640819354883
-0.4197794511955288,-0.678238740396029,0.25845928920050026
-0.1763979327809735,-0.6415972777196468,0.4651993449386733
0.0204852474784682,-0.6233134379295686,0.6437986854080369
0.144188443347168,-0.6760922055616811,0.8202806489088491
0.353408549087109,-0.656362391621474,1.009770940708583
0.7921879741401481,-0.6351761466007905,1.4273641207409384
1.105350429711519,-0.5989720861770018,1.704322515888521
-0.0279572795509574,-0.6787354763258775,0.6507781967749201
0.1694794047382879,-0.6595141024796739,0.8289935072179618
0.3601706168420645,-0.6408224882856683,1.0009931051277328
0.3967070465384345,-0.6239434512217128,1.0206504977601474
-0.1364335628448074,-0.6736670426747684,0.537233479829961
-0.1013837797841367,-0.6558771431189456,0.5544933633348089
0.1337854688267124,-0.6368090077410781,0.7705944765677905
0.4346507566488017,-0.6176383667118062,1.052289123360608
-0.0004450489410107,-0.6611185080508921,0.6606734591098814
0.0670644741107578,-0.643058362278386,0.7101228363891438
0.3153424317277003,-0.5912607714390153,0.9066032031667157
0.583004342835303,-0.5733317533208832,1.1563360961561862
-0.1560551971265225,-0.6965124695463268,0.5404572724198043
0.2165638112511005,-0.6752831664263708,0.8918469776774712
0.3491376673403198,-0.6230617281823287,0.9721993955226486
0.7806930350259522,-0.5875363477498482,1.3682293827758003
1.0036330502690898,-0.691374428583264,1.6950074788523537
1.2686136128267942,-0.65449117170067,1.9231047845274643
1.5154574863941288,-0.6357224405448431,2.1511799269389718
1.666408517990549,-0.6182693783659111,2.28467789635646
-0.0108079970969298,-0.6337316224248768,0.622923625327947
0.2562293713920577,-0.5979197753516474,0.8541491467437051
0.4316197072138095,-0.5646928909895149,0.9963125982033244
0.8096878827718128,-0.5463367952016372,1.35602467797345
0.349138920962475,-0.6457039058646606,0.9948428268271357
0.3524685712556504,-0.6286570363290639,0.9811256075847143
0.582883129512124,-0.6101259614616668,1.1930090909737907
0.877260892831314,-0.5915109931308257,1.4687718859621397
-0.3683076656199039,-0.6567841389170784,0.2884764732971745
-0.1072839524590345,-0.6374874730493407,0.5302035205903062
0.1345966817539118,-0.6188253681971396,0.7534220499510514
1.2569814916310096,-0.6961866373373232,1.9531681289683327
1.4358970726503426,-0.6770813212833525,2.112978393933695
1.6208655294623726,-0.6583910912038875,2.27925662066626
1.8383016658724864,-0.6398725746693391,2.4781742405418257
0.0628148442443191,-0.6415995935781009,0.70441443782242
0.0634936209452337,-0.6241102469197419,0.6876038678649756
0.2598430566478948,-0.6054784039586759,0.8653214606065707
0.7369905130627943,-0.5532554772678872,1.2902459903306815
-0.6952826793413929,-0.6397073731765254,-0.0555753061648675
-0.6620220240336581,-0.6214893274079012,-0.04053269662575687
-0.5032990424915806,-0.6027538113633946,0.09945476887181393
-0.1989034054388483,-0.5833443346216598,0.3844409291828115
0.3923861989943046,-0.6812828851436903,1.073669084137995
0.5641119286221883,-0.6618566722864557,1.2259686009086441
0.75456737021629,-0.6257278796433948,1.3802952498596848
1.1172487068301766,-0.6060845912148182,1.7233332980449947
0.4845469182638321,-0.6744051204901647,1.1589520387539967
0.6238153256004891,-0.6552716585079725,1.2790869841084618
0.9719861350051054,-0.6348538800614424,1.6068400150665478
1.2945056263451868,-0.6151321810965779,1.9096378074417646
-1.06693123492992,-0.6531371225194101,-0.4137941124105099
-0.7712797616525875,-0.633170899235248,-0.13810886241733944
-0.6674300007717858,-0.6152833725567269,-0.05214662821505889
-0.4227701160882253,-0.5966823225112741,0.17391220642304878
1.0887887677188124,-0.6617390742276403,1.7505278419464527
1.2421272928622509,-0.6433696560280356,1.8854969488902866
1.413753329680625,-0.6091963947071655,2.0229497243877903
1.787301033290307,-0.5902680772088251,2.377569110499132
0.0863356016074224,-0.6726463901414901,0.7589819917489125
0.2009178306985522,-0.6541642231317318,0.855082053830284
0.302928856206836,-0.6362585141124537,0.9391873703192897
0.6390756382513392,-0.6167852549707501,1.2558608932220894
0.4626864939012594,-0.6583511365206955,1.121037630421955
0.5847792330223298,-0.607598310997393,1.1923775440197228
0.9677622342410014,-0.5733793309636676,1.541141565204669
-0.0639581439536068,-0.6408798693615732,0.5769217254079664
0.0603460144979259,-0.622806112128772,0.6831521266266979
0.2930062876052591,-0.6042772162890447,0.8972835038943039
0.544353828614402,-0.5860514586986276,1.1304052873130295
-0.8683196678957913,-0.6533825152964606,-0.21493715259933066
-0.7790126403743979,-0.635588315924774,-0.14342432444962383
-0.505027578507,-0.6166556655730239,0.1116280870660239
-0.2549033637846066,-0.5983917256029448,0.34348836181833825
-0.6184941734241676,-0.6894225838425265,0.07092841041835896
-0.3111916850742781,-0.6687991379001837,0.35760745282590567
0.0194319063863763,-0.6484588736394522,0.6678907800258285
0.2666782225137755,-0.6293139707064551,0.8959921932202306
0.135337453055231,-0.6872906657532813,0.8226281188085124
0.2387025098840492,-0.650956118959993,0.8896586288440421
0.3281237662623271,-0.6331642755418261,0.9612880418041532
0.7097074266739865,-0.613316487515724,1.3230239141897104
0.8298757960900589,-0.7119806640807784,1.5418564601708373
0.9861483044958772,-0.6926137700987681,1.6787620745946454
1.2609161638549502,-0.6726560047550362,1.9335721686099863
1.4426420075691728,-0.6540069806355424,2.0966489882047155
-1.0300928016866588,-0.6734987795069978,-0.3565940221796611
-0.8625222922376455,-0.6541286134366847,-0.20839367880096082
-0.857086019456579,-0.636599016313455,-0.22048700314312408
-0.3569460283282436,-0.5988215673747831,0.24187553904653947
1.1507001216425743,-0.70606047081282,1.8567605924553943
1.2362118677844611,-0.6873398715709751,1.9235517393554362
1.4453211175080798,-0.6344114996998965,2.079732617207976
1.650811906272411,-0.5856001161682022,2.236412022440613
1.045682969901676,-0.6880700702337423,1.7337530401354184
1.1443293033927235,-0.6692589453699745,1.8135882487626982
1.4389477621657707,-0.6492269541313234,2.088174716297094
1.515944339512664,-0.6315445861502619,2.147488925662926
-0.6675116056044802,-0.6758862173294548,0.008374611724974557
-0.5355020884222653,-0.6572458072141443,0.12174371879187895
-0.3337552720735047,-0.6384643147440444,0.3047090426705397
-0.0247963906784309,-0.6192157283718603,0.5944193376934295
-0.7820168563256327,-0.6312555074097003,-0.1507613489159324
-0.4973404271457192,-0.6118666620820054,0.11452623493628616
-0.2867388596385549,-0.5935609553483403,0.3068220957097854
0.0643124749979525,-0.5745567814057683,0.6388692564037208
0.0710243083222483,-0.6587459560142888,0.729770264336537
0.2772386161591871,-0.6399207568702517,0.9171593730294388
0.5267970294153945,-0.6211827126262163,1.1479797420416107
0.6638204084085628,-0.588225387206185,1.2520457956147477
0.677055763100509,-0.679507322628459,1.3565630857289679
0.9456989021781156,-0.659657403860479,1.6053563060385945
1.0526329914355184,-0.6416999164885604,1.6943329079240788
1.5561890432413188,-0.5889744981716404,2.145163541412959
0.7883401301745498,-0.6898268576432776,1.4781669878178274
0.9094849220090302,-0.6712560867115382,1.5807410087205684
0.9458631565286338,-0.6373527453751539,1.5832159019037877
1.4250910287587448,-0.6169685362449424,2.0420595650036875
-0.2722452563283841,-0.6964710361424659,0.42422577981408177
-0.0805085233469138,-0.6768288429054086,0.5963203195584947
-0.0007690505719161,-0.6586449909773084,0.6578759404053923
0.4911334192207235,-0.6373267133945866,1.12846013261531
-0.0255588317341522,-0.7022781799812005,0.6767193482470483
0.4438421352041054,-0.662676879116926,1.1065190143210315
0.6893560350570327,-0.6434933075790362,1.3328493426360688
-0.4281544232461315,-0.6436584608724625,0.21550403762633097
-0.4194513603685444,-0.6265657984403488,0.20711443807180435
-0.3755684362075796,-0.5935263384482048,0.21795790224062517
0.254418752973599,-0.5725168597061817,0.8269356126797807
0.3339523630817743,-0.6993164035269354,1.0332687666087097
0.4096067289741704,-0.6632078824603899,1.0728146114345603
0.6512161629274752,-0.6440567397533833,1.2952729026808585
0.8538546628065605,-0.6257149699170202,1.4795696327235808
-0.8744950404819694,-0.6637573415616659,-0.21073769892030347
-0.8584196047967202,-0.6461356136501017,-0.21228399114661844
-0.4147977656865663,-0.6253235421543164,0.21052577646775011
-0.0096232943118285,-0.6053226100171761,0.5956993157053476
1.1960444110591026,-0.7057673226697109,1.9018117337288136
1.2825466977927198,-0.6870382433130576,1.9695849411057775
1.4171211557532506,-0.6347753881672777,2.0518965439205283
1.6981111895923064,-0.6161681161793406,2.314279305771647
1.4758684569009508,-0.6798915281279181,2.155759985028869
1.6014981118449063,-0.6442809920362944,2.2457791038812007
1.8138420947556408,-0.6258532497844741,2.439695344540115
2.08917835236965,-0.6073333440184093,2.6965116963880593
-0.0420587379116268,-0.6533615483918298,0.611302810480203
-0.0163900183776473,-0.6356617035407273,0.61927168516308
0.2512836827478464,-0.6163953015451702,0.8676789842930166
0.2792859900761574,-0.5996016859787224,0.8788876760548798
-0.2394471875960318,-0.6239785416377358,0.384531354041704
0.0838859642192669,-0.5877476466681236,0.6716336108873905
0.3028128364611586,-0.5698530951157486,0.8726659315769072
0.5913401839657662,-0.5518467678757035,1.1431869518414697
0.9694477292290816,-0.6677346601644143,1.6371823893934958
1.2999469136148754,-0.6474009098573497,1.947347823472225
1.4064139390749115,-0.6129086180971227,2.019322557172034
1.6459400022464956,-0.5947498962327112,2.2406898984792067
0.8511314970033321,-0.6525918449368778,1.5037233419402098
0.9173990386767512,-0.6354407103787251,1.5528397490554764
1.0955952196677023,-0.617745552455237,1.7133407721229394
0.287159095390505,-0.6617703831488613,0.9489294785393663
0.4410434237419344,-0.6107313284031197,1.0517747521450542
0.4701351884196746,-0.5648162391473665,1.034951427567041
0.7655145958411156,-0.5478694916232283,1.3133840874643439
-1.0496744991482772,-0.6625879508763518,-0.38708654827192535
-0.6381179866205816,-0.5919073190301967,-0.046210667590384946
-0.3894968947107889,-0.5741369619857551,0.18464006727496624
0.4019036387026264,-0.6433794239200785,1.045283062622705
0.670816336391814,-0.623679355700336,1.29449569209215
0.8341673327542674,-0.6053194657019141,1.4394867984561814
1.2214701666800862,-0.5538294732988976,1.775299639978984
-0.1122404461323002,-0.6485933760471694,0.5363529299148692
0.1731172072965454,-0.6291208062679526,0.802238013564498
0.5862043626279697,-0.5929225535990963,1.179126916227066
-0.8529648560129331,-0.6523569179046818,-0.2006079381082514
-0.738594906940136,-0.6339128732567395,-0.10468203368339646
-0.6581895518635379,-0.6162204942523446,-0.041969057611193294
-0.2150422982836835,-0.5959620099244879,0.3809197116408044
-0.1179679472793498,-0.6401883223626511,0.5222203750833013
-0.1128063371429257,-0.6231261919731808,0.510319854830255
0.2224926381466951,-0.5876231067807051,0.8101157449274001
0.4555485185885308,-0.5700004785497602,1.025548997138291
0.2384405923979877,-0.666253500189962,0.9046940925879496
0.3699180663677758,-0.6480675407003919,1.0179856070681677
0.5630837793657923,-0.6297972603688379,1.19288103973463
0.8533355736897404,-0.6111294857952932,1.4644650594850337
0.8876333923941321,-0.6688174507162157,1.5564508431103476
1.1055920803060666,-0.6494488778266645,1.755040958132731
1.3295146368376565,-0.6139418048151885,1.9434564416528448
1.503177003758774,-0.5963440335618543,2.099521037320628
-0.8236381864217681,-0.6680684846878188,-0.15556970173394935
-0.4529434582047031,-0.6470203432642978,0.1940768850595947
-0.2646736769905826,-0.5943955189661292,0.3297218419755466
0.0504690538642922,-0.5756828135475727,0.6261518674118649
-0.039924983458513,-0.6023445695563826,0.5624195860978696
0.3258604410049974,-0.583167605355213,0.9090280463602103
0.9985541791949292,-0.6608054758824802,1.6593596550774095
1.089650871735896,-0.6425445373461139,1.73219540908201
1.3184019927845974,-0.6235795563022888,1.9419815490868861
1.4870128593819492,-0.6055901797394206,2.0926030391213697
0.6493599962373664,-0.6461309893826228,1.2954909856199892
0.8045583295447939,-0.627782464959681,1.432340794504475
1.018816265157376,-0.5932865980787292,1.6121028632361052
1.3790967362545856,-0.5593450711852431,1.9384418074398289
0.8446460618706918,-0.6750415114565804,1.5196875733272721
1.069787437618901,-0.6555893997643638,1.7253768373832647
1.0949447987060197,-0.6217925677235222,1.716737366429542
1.4180071382875823,-0.5872166280079476,2.00522376629553
1.164545781387227,-0.6697405120462707,1.8342862934334978
1.3920506527726206,-0.6506912941831016,2.042741946955722
1.5804524821871209,-0.6163499466498162,2.196802428836937
1.9894300850039108,-0.5970681443450976,2.5864982293490084
0.1628967541923024,-0.6313694140563948,0.7942661682486972
0.1839261166102132,-0.6141755716144804,0.7981016882246936
0.5292020438244431,-0.5947431804536103,1.1239452242780534
0.9863266173234252,-0.574857747142854,1.5611843644662793
0.0279855792904319,-0.704934115390215,0.7329196946806469
0.1371544888251999,-0.651501728869345,0.7886562176945449
0.8304538949926276,-0.628788061141754,1.4592419561343815
0.475651454233521,-0.6644616084343932,1.1401130626679141
0.6544763565836063,-0.6458605593822414,1.3003369159658478
0.8725354238124208,-0.6273773811827253,1.4999128049951462
1.042736390721448,-0.6097741527440264,1.6525105434654743
0.6527292848691733,-0.6769644569270387,1.3296937417962118
0.7555898483248393,-0.6406508283679707,1.39624067669281
1.0021679838433528,-0.6215417783489148,1.6237097621922676
1.4188786743189792,-0.5853622360813108,2.00424091040029
1.5106686497600887,-0.6876106836657575,2.1982793334258464
1.8531419852530948,-0.667070375843896,2.520212361096991
2.000305376595528,-0.6487434567686662,2.649048833364194
2.243341044535895,-0.6300297034391897,2.873370747975085
-0.9610931099178968,-0.6750736614002331,-0.2860194485176637
-0.7427109365025735,-0.6556804376341251,-0.08703049886844838
-0.5424056662400605,-0.6369163256460835,0.09451065940602299
-0.3063312427366416,-0.6183066862327462,0.3119754434961046
0.3821241375737573,-0.667327169945517,1.0494513075192744
0.5559221344728419,-0.6487630510204745,1.2046851854933163
0.8614594631314829,-0.5977319115126529,1.4591913746441358
1.1804572910515705,-0.579700574436813,1.7601578654883836
0.5708930394946492,-0.6576654355498531,1.2285584750445024
0.6469494599212042,-0.6225181697493793,1.2694676296705836
0.8773538698078475,-0.6040093864994832,1.4813632563073307
1.226353024975789,-0.5849637491811922,1.8113167741569813
-0.1847005529243159,-0.6639917369549192,0.47929118403060333
-0.0709638024326362,-0.6285138357708111,0.5575500333381749
0.3074865189457711,-0.6087203395778293,0.9162068585236005
0.4658643663691785,-0.5912666494135959,1.0571310157827742
0.4336846915372499,-0.6447704921788447,1.0784551837160947
0.7557662807191536,-0.6250020516709164,1.38076833239007
0.9941105662239992,-0.6064168784135986,1.6005274446375979
1.2662525945857743,-0.5880069051417839,1.8542594997275583
0.3690393070849116,-0.6413153602923847,1.0103546673772963
0.6550509334048805,-0.6053107273551254,1.2603616607600059
1.0962238514823963,-0.585482280547277,1.6817061320296733
0.972392726457542,-0.6773334323737109,1.6497261588312528
1.1697229722561555,-0.6419719034928641,1.8116948757490197
1.4635251140689418,-0.6232192912114851,2.086744405280427
1.6611003534545172,-0.6057871865457611,2.2668875400002784
0.9267192119844604,-0.6518219164629662,1.5785411284474264
0.9629189247394904,-0.6344898440488442,1.5974087687883345
1.524457210000373,-0.6130863112047394,2.1375435212051124
1.5959543558880789,-0.5963667449232223,2.1923211008113013
-0.6859251063060446,-0.6652316363356858,-0.020693469970358813
-0.6859172263953528,-0.647747808485913,-0.03816941790943984
-0.4119435963680875,-0.6283765397083579,0.21643294334027047
-0.2082743504438556,-0.5939691315460385,0.3856947811021829
0.7650280113558989,-0.6392762375924848,1.4043042489483837
0.9124621253876284,-0.6210100465711389,1.5334721719587674
1.0510140876624128,-0.6032810149741469,1.6542951026365595
1.4031029438733362,-0.5842134902742182,1.9873164341475544
-0.0205808473953632,-0.7003634393758706,0.6797825919805074
0.0616436626696093,-0.6641955162037219,0.7258391788733312
0.5675385256953894,-0.6427127686525409,1.2102512943479304
-0.6976920814279858,-0.6942737484302803,-0.003418332997705442
-0.5178544613132765,-0.6572583537590191,0.13940389244574258
-0.3446462637902116,-0.6387259114935305,0.2940796477033189
-0.19817833426262,-0.6208896861036431,0.42271135184102315
1.1960844971199325,-0.6631135593372613,1.8591980564571937
1.421166087030583,-0.6441083897592732,2.065274476789856
1.6210994195388149,-0.6257902264659801,2.246889646004795
1.8374641567281675,-0.5769104099872766,2.414374566715444
0.6311739085644404,-0.6536692994473016,1.284843208011742
0.8610052041889908,-0.634252784191303,1.495257988380294
0.9610936508810706,-0.6163949856422513,1.5774886365233218
1.31401431524032,-0.5968866187531984,1.9109009339935183
-0.2037494609698431,-0.6507023917351801,0.446952930765337
-0.1972340881462035,-0.6331640517572771,0.4359299636110736
0.1337625454501542,-0.6133804074908321,0.7471429529409863
0.5222495747425828,-0.6562599674290933,1.178509542171676
0.6716857830529519,-0.6375125910517647,1.3091983741047166
0.9101251647527362,-0.6184842435628108,1.528609408315547
1.191227696256176,-0.5834595822981421,1.7746872785543182
-0.2587988752402609,-0.6853412891567751,0.42654241391651415
-0.0777168261991843,-0.6662455891242659,0.5885287629250816
0.0173913079986751,-0.6483824022796989,0.665773710278374
0.2616545406626037,-0.5978946833071102,0.8595492239697138
-0.173897822176986,-0.6808221890801255,0.5069243669031395
0.0621044583561983,-0.6608481338467659,0.7229525922029642
0.3557085875647068,-0.6408633141489789,0.9965719017136857
0.4634739178556509,-0.6229298929942482,1.086403810849899
-0.2995159258882234,-0.6720880087658407,0.37257208287761734
0.2443896264888037,-0.6320824202027373,0.876472046691541
0.4775181871675117,-0.6131189254040029,1.0906371125715146
-0.0342709684482932,-0.6477573629442436,0.6134863944959503
0.6526410537479423,-0.5765351432878503,1.2291761970357926
0.6422906119654319,-0.6934306735488409,1.3357212855142728
0.743239312089509,-0.6745912865559701,1.4178305986454791
0.9750698067224824,-0.6550823933943233,1.6301522001168056
